{"coef": [0.0, 0.0008526957164344524, 0.0, 6.710592326703287e-05, -2.831977956417862e-20, 6.710592333930362e-05, 0.0], "intercept": 0.0004249290719300564, "feature_names": ["risk_appetite_01", "comp_trait_01", "policy_direction_01", "news_impact_01", "media_cred_01", "news_x_media", "risk_x_policy"], "mean": [0.5, 0.5083989654505332, 0.75, 0.015202186248350435, 0.7999999999999728, 0.01216174899868037, 0.375], "std": [1.0, 0.0073199303477610896, 1.0, 0.027409531016701474, 2.7200464103316335e-14, 0.02192762481336116, 1.0], "alpha": 0.01}