{"coef": [0.0, 0.00012177741269619, 0.0, 0.000835927185547425, -1.5557944760158674e-20, 0.0008359271860059219, 0.0], "intercept": 0.00021389005836053827, "feature_names": ["risk_appetite_01", "comp_trait_01", "policy_direction_01", "news_impact_01", "media_cred_01", "news_x_media", "risk_x_policy"], "mean": [0.5, 0.5097066225295229, 0.75, 0.01758737675409657, 0.7999999999999728, 0.014069901403277251, 0.375], "std": [1.0, 0.007917489803554691, 1.0, 0.02794640248632583, 2.7200464103316335e-14, 0.022357121989060674, 1.0], "alpha": 0.01}