{"coef": [0.0, 0.0004574709557019889, 0.0, 0.00022426564342340225, -1.8298893325230307e-20, 0.0002242656434649844, 0.0], "intercept": 0.0003098965753715096, "feature_names": ["risk_appetite_01", "comp_trait_01", "policy_direction_01", "news_impact_01", "media_cred_01", "news_x_media", "risk_x_policy"], "mean": [0.5, 0.5047504589275739, 0.75, 0.012987529011000117, 0.7999999999999728, 0.010390023208800102, 0.375], "std": [1.0, 0.004990436543676569, 1.0, 0.02546359945582973, 2.7200464103316335e-14, 0.02037087956466367, 1.0], "alpha": 0.01}