{"coef": [0.0, 0.0009398279172207664, 0.0, 0.0002054102407054324, 2.933930329852201e-21, 0.00020541024064862733, 0.0], "intercept": 0.0001467416922263885, "feature_names": ["risk_appetite_01", "comp_trait_01", "policy_direction_01", "news_impact_01", "media_cred_01", "news_x_media", "risk_x_policy"], "mean": [0.5, 0.5114476315482039, 0.75, 0.0198063230157554, 0.7999999999999728, 0.015845058412604297, 0.375], "std": [1.0, 0.008380184510329711, 1.0, 0.029278715307990238, 2.7200464103316335e-14, 0.023422972246392157, 1.0], "alpha": 0.01}