{"coef": [0.0, 0.002761053572678632, 0.0, -8.377214486109377e-05, 9.53072369886915e-23, -8.377214493453988e-05, 0.0], "intercept": -4.6157881449068654e-05, "feature_names": ["risk_appetite_01", "comp_trait_01", "policy_direction_01", "news_impact_01", "media_cred_01", "news_x_media", "risk_x_policy"], "mean": [0.5, 0.5080984314681488, 0.75, 0.014224065499600572, 0.7999999999999728, 0.011379252399680443, 0.375], "std": [1.0, 0.008167339377877414, 1.0, 0.027308326523112277, 2.7200464103316335e-14, 0.021846661218489785, 1.0], "alpha": 0.01}